nombre,categoria,precio,unidad,oferta,imagen,subcategoria
Limón,frutas,3.00,kg,no,,citricos
Maracuyá,frutas,5.50,kg,no,,tropicales
Manzana de agua,frutas,3.50,kg,no,,de-temporada
Papa amarilla,verduras,4.50,kg,no,,tuberculos
Cebolla roja,verduras,2.50,kg,no,,hortalizas
Ají amarillo,verduras,6.00,kg,no,,hortalizas
Papa rosada,verduras,3.50,kg,no,,tuberculos
Papa yungay,verduras,2.00,kg,no,,tuberculos
Camote amarillo,verduras,2.00,kg,no,,tuberculos
Olluco,verduras,6.50,kg,no,,tuberculos
Yuca,verduras,3.00,kg,no,,tuberculos
Rocoto,verduras,6.00,kg,no,,hortalizas
Pimentón,verduras,12.00,kg,no,,hortalizas
Ajos,verduras,7.50,kg,no,,hortalizas
Kion,verduras,5.00,kg,no,,hortalizas
Vainita,verduras,4.00,kg,no,,hortalizas
Alverjita,verduras,7.50,kg,no,,hortalizas
Habas,verduras,2.50,kg,no,,hortalizas
Zapallo,verduras,2.70,kg,no,,hortalizas
Maíz morado,verduras,4.50,kg,no,,hortalizas
Manzanilla,verduras,1.00,atado,no,,hierbas
Menta,verduras,1.00,atado,no,,hierbas
Hierba luisa,verduras,1.00,atado,no,,hierbas
